{
    "top5_configurations": [
        {
            "rank": 1,
            "map3_score": 0.9174569435360762,
            "params": {
                "tfidf_ngram_max": 2,
                "tfidf_max_df": 0.8326748380537715,
                "tfidf_min_df": 5,
                "tfidf_max_features": 3500,
                "max_depth": 7,
                "learning_rate": 0.12323915991963974,
                "subsample": 0.8224976620815416,
                "colsample_bytree": 0.6466957705318639,
                "min_child_weight": 2,
                "gamma": 0.2922568156373709,
                "alpha": 0.15557693524330424,
                "lambda": 1.9788139112336167,
                "max_bin": 64,
                "max_delta_step": 3,
                "max_leaves": 65
            }
        },
        {
            "rank": 2,
            "map3_score": 0.9174115253251899,
            "params": {
                "tfidf_ngram_max": 2,
                "tfidf_max_df": 0.8368596270945914,
                "tfidf_min_df": 4,
                "tfidf_max_features": 5000,
                "max_depth": 6,
                "learning_rate": 0.21050974751959148,
                "subsample": 0.727756278601886,
                "colsample_bytree": 0.6788362654108947,
                "min_child_weight": 2,
                "gamma": 0.29047719505408054,
                "alpha": 0.14612641935737322,
                "lambda": 1.9806206083148672,
                "max_bin": 64,
                "max_delta_step": 1,
                "max_leaves": 64
            }
        },
        {
            "rank": 3,
            "map3_score": 0.9171344742387868,
            "params": {
                "tfidf_ngram_max": 2,
                "tfidf_max_df": 0.836629716880875,
                "tfidf_min_df": 4,
                "tfidf_max_features": 3500,
                "max_depth": 6,
                "learning_rate": 0.1972784209326269,
                "subsample": 0.7191506352653019,
                "colsample_bytree": 0.6733148417328972,
                "min_child_weight": 2,
                "gamma": 0.2912560971973288,
                "alpha": 0.15023552745873442,
                "lambda": 1.9008590307163018,
                "max_bin": 64,
                "max_delta_step": 2,
                "max_leaves": 82
            }
        },
        {
            "rank": 4,
            "map3_score": 0.9170163868904837,
            "params": {
                "tfidf_ngram_max": 2,
                "tfidf_max_df": 0.8362034325032135,
                "tfidf_min_df": 4,
                "tfidf_max_features": 3500,
                "max_depth": 7,
                "learning_rate": 0.0340028292519318,
                "subsample": 0.8793066806758046,
                "colsample_bytree": 0.6018029194730992,
                "min_child_weight": 1,
                "gamma": 0.30063903453537716,
                "alpha": 0.04269200188654099,
                "lambda": 2.340381066196816,
                "max_bin": 64,
                "max_delta_step": 3,
                "max_leaves": 56
            }
        },
        {
            "rank": 5,
            "map3_score": 0.9170118450693946,
            "params": {
                "tfidf_ngram_max": 2,
                "tfidf_max_df": 0.8558361780111817,
                "tfidf_min_df": 4,
                "tfidf_max_features": 5000,
                "max_depth": 6,
                "learning_rate": 0.14082531112672933,
                "subsample": 0.7207336525341445,
                "colsample_bytree": 0.8707156356975069,
                "min_child_weight": 3,
                "gamma": 0.3693181919170742,
                "alpha": 0.321390428273507,
                "lambda": 2.1665214347306123,
                "max_bin": 64,
                "max_delta_step": 2,
                "max_leaves": 64
            }
        }
    ],
    "datetime": "2025-07-13 08:22:04"
}